print "" print "*** using database ecgo_db"
GO
USE [ecgo_db]
GO

print "" print "*** Inserting into AdminRole"
GO
INSERT INTO [dbo].[AdminRole] ([admin_role_id], [admin_role_type]) VALUES 
(N'1000', N'Admin'),
(N'1001', N'Score Reporter'),
(N'1002', N'Moderator')
GO

print "" print "*** Inserting into Members"
GO
SET IDENTITY_INSERT [dbo].[Member] ON
INSERT INTO [dbo].[Member] ([member_id], [email], [first_name], [family_name], [birthday], [phone_number], [passwordHash], [gender], [active], [bio]) VALUES 
(100000, N'lebronjames@gmail.com', N'Lebron', N'James', N'2000-01-01', N'319-519-1234', N'B03DDF3CA2E714A6548E7495E2A03F5E824EAAC9837CD7F159C67B90FB4B7342', 0, 1, NULL),
(100002, N'kevindurant@gmail.com', N'Kevin', N'Durant', N'2000-01-04', N'319-519-1235', N'B03DDF3CA2E714A6548E7495E2A03F5E824EAAC9837CD7F159C67B90FB4B7342', 0, 1, NULL),
(100003, N'angelicasombrano@gmail.com', N'Angelica', N'Sombrano', N'2000-06-01', N'319-519-1236', N'B03DDF3CA2E714A6548E7495E2A03F5E824EAAC9837CD7F159C67B90FB4B7342', 1, 1, NULL),
(100004, N'bryantcopper@gmail.com', N'Bryant', N'Copper', N'2003-11-18', N'319-519-1237', N'B03DDF3CA2E714A6548E7495E2A03F5E824EAAC9837CD7F159C67B90FB4B7342', 0, 1, NULL),
(100005, N'danielkim@gmail.com', N'Daniel', N'Kim', N'2003-11-28', N'319-519-1238', N'B03DDF3CA2E714A6548E7495E2A03F5E824EAAC9837CD7F159C67B90FB4B7342', 1, 1, NULL),
(100006, N'elizabethberry@gmail.com', N'Elizabeth', N'Berry', N'2001-06-03', N'319-519-1239', N'B03DDF3CA2E714A6548E7495E2A03F5E824EAAC9837CD7F159C67B90FB4B7342', 1, 1, NULL),
(100007, N'glendazara@gmail.com', N'Glenda', N'Zara', N'2003-04-04', N'319-519-1230', N'B03DDF3CA2E714A6548E7495E2A03F5E824EAAC9837CD7F159C67B90FB4B7342', 1, 1, NULL),
(100008, N'jacobbrady@gmail.com', N'Jacob', N'Brady', N'1998-11-08', N'319-519-1231', N'B03DDF3CA2E714A6548E7495E2A03F5E824EAAC9837CD7F159C67B90FB4B7342', 0, 1, NULL),
(100009, N'keyalu@gmail.com', N'Keya', N'Lu', N'2002-07-14', N'319-519-1233', N'B03DDF3CA2E714A6548E7495E2A03F5E824EAAC9837CD7F159C67B90FB4B7342', 1, 1, NULL),
(100010, N'lorykimberly@gmail.com', N'Lory', N'Kimberly', N'2003-11-14', N'319-519-4560', N'B03DDF3CA2E714A6548E7495E2A03F5E824EAAC9837CD7F159C67B90FB4B7342', 1, 1, NULL),
(100011, N'martinpizza@gmail.com', N'Martin', N'Pizza', N'2003-10-26', N'319-519-4561', N'B03DDF3CA2E714A6548E7495E2A03F5E824EAAC9837CD7F159C67B90FB4B7342', 1, 1, NULL),
(100012, N'mohamedaladin@gmail.com', N'Mohamed', N'Aladin', N'2003-11-21', N'319-519-4562', N'B03DDF3CA2E714A6548E7495E2A03F5E824EAAC9837CD7F159C67B90FB4B7342', 0, 1, NULL),
(100013, N'monalisa@gmail.com', N'Mona', N'Lisa', N'2003-07-28', N'319-519-4563', N'B03DDF3CA2E714A6548E7495E2A03F5E824EAAC9837CD7F159C67B90FB4B7342', 1, 1, NULL),
(100014, N'parkernicky@gmail.com', N'Parker', N'Nicky', N'2002-12-29', N'319-519-4564', N'B03DDF3CA2E714A6548E7495E2A03F5E824EAAC9837CD7F159C67B90FB4B7342', 1, 1, NULL),
(100015, N'patrickjordan@gmail.com', N'Patrick', N'Jordan', N'2002-11-06', N'319-519-4565', N'B03DDF3CA2E714A6548E7495E2A03F5E824EAAC9837CD7F159C67B90FB4B7342', 1, 1, NULL),
(100016, N'seanmandez@gmail.com', N'Sean', N'Mandez', N'2002-11-18', N'319-519-4566', N'B03DDF3CA2E714A6548E7495E2A03F5E824EAAC9837CD7F159C67B90FB4B7342', 0, 1, NULL),
(100017, N'stephcurry@gmail.com', N'Steph', N'Curry', N'2002-08-05', N'319-519-4567', N'B03DDF3CA2E714A6548E7495E2A03F5E824EAAC9837CD7F159C67B90FB4B7342', 0, 1, NULL),
(100018, N'yunglee@gmail.com', N'Yung', N'Lee', N'2002-08-25', N'319-519-4569', N'B03DDF3CA2E714A6548E7495E2A03F5E824EAAC9837CD7F159C67B90FB4B7342', 1, 1, NULL),
(100019, N'yuribrown@gmail.com', N'Yuri', N'Brown', N'2002-08-13', N'319-519-4568', N'B03DDF3CA2E714A6548E7495E2A03F5E824EAAC9837CD7F159C67B90FB4B7342', 0, 1, NULL),
(100020, N'novaromaine@gmail.com', N'Romaine', N'Nova', N'2000-01-01', N'319-519-3008', N'B03DDF3CA2E714A6548E7495E2A03F5E824EAAC9837CD7F159C67B90FB4B7342', 0, 1, NULL),
(100021, N'averillkinsey@gmail.com', N'Kinsey', N'Averill', N'2000-01-01', N'319-500-0001', N'B03DDF3CA2E714A6548E7495E2A03F5E824EAAC9837CD7F159C67B90FB4B7342', 0, 1, NULL),
(100022, N'evalynwaldo@gmail.com', N'Evalyn', N'Waldo', N'2000-01-01', N'319-500-0001', N'B03DDF3CA2E714A6548E7495E2A03F5E824EAAC9837CD7F159C67B90FB4B7342', 0, 1, NULL),
(100023, N'onesiphorosraphael@gmail.com', N'Raphael', N'Onesi', N'2000-01-01', N'319-500-0002', N'B03DDF3CA2E714A6548E7495E2A03F5E824EAAC9837CD7F159C67B90FB4B7342', 0, 1, NULL),
(100024, N'tamarjervis@gmail.com', N'Jervis', N'Tamar', N'2000-01-01', N'319-500-0003', N'B03DDF3CA2E714A6548E7495E2A03F5E824EAAC9837CD7F159C67B90FB4B7342', 0, 1, NULL),
(100025, N'temperancedennis@gmail.com', N'Dennis', N'Temperance', N'2000-01-01', N'319-500-0004', N'B03DDF3CA2E714A6548E7495E2A03F5E824EAAC9837CD7F159C67B90FB4B7342', 0, 1, NULL),
(100026, N'hallamreannon@gmail.com', N'Reannon', N'Hallam', N'2000-01-01', N'319-500-0005', N'B03DDF3CA2E714A6548E7495E2A03F5E824EAAC9837CD7F159C67B90FB4B7342', 0, 1, NULL),
(100027, N'henrygrey@gmail.com', N'Grey', N'Henry', N'2000-01-01', N'319-500-0006', N'B03DDF3CA2E714A6548E7495E2A03F5E824EAAC9837CD7F159C67B90FB4B7342', 0, 1, NULL),
(100028, N'johnioram@gmail.com', N'John', N'Ioram', N'2000-01-01', N'319-500-0007', N'B03DDF3CA2E714A6548E7495E2A03F5E824EAAC9837CD7F159C67B90FB4B7342', 0, 1, NULL),
(100029, N'justyonesimos@gmail.com', N'Justy', N'Onesimos', N'2000-01-01', N'319-500-0008', N'B03DDF3CA2E714A6548E7495E2A03F5E824EAAC9837CD7F159C67B90FB4B7342', 0, 1, NULL),
(100030, N'phoebenicki@gmail.com', N'Nicki', N'Phoebe', N'2000-01-01', N'319-500-0009', N'B03DDF3CA2E714A6548E7495E2A03F5E824EAAC9837CD7F159C67B90FB4B7342', 0, 1, NULL),
(100031, N'haranbooz@gmail.com', N'Haran', N'Booz', N'2000-01-01', N'319-500-0010', N'B03DDF3CA2E714A6548E7495E2A03F5E824EAAC9837CD7F159C67B90FB4B7342', 0, 1, NULL),
(100032, N'konnorshannon@gmail.com', N'Shannon', N'Konnor', N'2000-01-01', N'319-500-0011', N'B03DDF3CA2E714A6548E7495E2A03F5E824EAAC9837CD7F159C67B90FB4B7342', 0, 1, NULL),
(100033, N'nevillekeiran@gmail.com', N'Neville', N'Keiran', N'2000-01-01', N'319-500-0012', N'B03DDF3CA2E714A6548E7495E2A03F5E824EAAC9837CD7F159C67B90FB4B7342', 0, 1, NULL),
(100034, N'chancelynwood@gmail.com', N'Chance', N'Lynwood', N'2000-01-01', N'319-500-0013', N'B03DDF3CA2E714A6548E7495E2A03F5E824EAAC9837CD7F159C67B90FB4B7342', 0, 1, NULL),
(100035, N'nathanielnona@gmail.com', N'Nathaniel', N'Nona', N'2000-01-01', N'319-500-0014', N'B03DDF3CA2E714A6548E7495E2A03F5E824EAAC9837CD7F159C67B90FB4B7342', 0, 1, NULL),
(100036, N'tuckerchina@gmail.com', N'Tucker', N'China', N'2000-01-01', N'319-500-0015', N'B03DDF3CA2E714A6548E7495E2A03F5E824EAAC9837CD7F159C67B90FB4B7342', 0, 1, NULL),
(100037, N'wilkiegianna@gmail.com', N'Wilkie', N'Gianna', N'2000-01-01', N'319-500-0016', N'B03DDF3CA2E714A6548E7495E2A03F5E824EAAC9837CD7F159C67B90FB4B7342', 0, 1, NULL),
(100038, N'josephjefferson@gmail.com', N'Joseph', N'Jefferson', N'2000-01-01', N'319-500-0017', N'B03DDF3CA2E714A6548E7495E2A03F5E824EAAC9837CD7F159C67B90FB4B7342', 0, 1, NULL),
(100039, N'irvinetroy@gmail.com', N'Irvine', N'Troy', N'2000-01-01', N'319-500-0018', N'B03DDF3CA2E714A6548E7495E2A03F5E824EAAC9837CD7F159C67B90FB4B7342', 0, 1, NULL),
(100040, N'greysonbelial@gmail.com', N'Greyson', N'Belial', N'2000-01-01', N'319-500-0019', N'B03DDF3CA2E714A6548E7495E2A03F5E824EAAC9837CD7F159C67B90FB4B7342', 0, 1, NULL),
(100041, N'cosmomoses@gmail.com', N'Moses', N'Cosmo', N'2000-01-01', N'319-500-0020', N'B03DDF3CA2E714A6548E7495E2A03F5E824EAAC9837CD7F159C67B90FB4B7342', 0, 1, NULL)
SET IDENTITY_INSERT [dbo].[Member] OFF
GO

print "" print "*** Inserting into Sport"
GO
SET IDENTITY_INSERT [dbo].[Sport] ON
INSERT INTO [dbo].[Sport] ([sport_id], [description]) VALUES 
(1000, N'Swimming'),
(1001, N'Cycling'),
(1002, N'Tennis'),
(1003, N'Boxing'),
(1004, N'Equestrian jumping'),
(1005, N'Sailing'),
(1006, N'Rhythmic gymnastics'),
(1007, N'Judo'),
(1008, N'Golf'),
(1009, N'Snooker'),
(1010, N'Basketball'),
(1011, N'Soccer'),
(1012, N'Football'),
(1013, N'Volleyball'),
(1014, N'Baseball'),
(1015, N'Ski jumping'),
(1016, N'Figure skating'),
(1017, N'Bobsleigh'),
(1018, N'Rowing'),
(1019, N'Kayak slalom'),
(1020, N'Biathlon'),
(1021, N'Triathalon'),
(1022, N'Cross - country skiing'),
(1023, N'Downhill skiing'),
(1024, N'Snowboarding'),
(1025, N'Ice hockey'),
(1026, N'Curling'),
(1027, N'Table tennis'),
(1028, N'Gymnastics'),
(1029, N'Bowling'),
(1030, N'Athletics'),
(1031, N'Freestyle wrestling'),
(1032, N'Weightlifting'),
(1033, N'Fencing'),
(1034, N'Archery'),
(1035, N'Badminton'),
(1036, N'Field hockey'),
(1037, N'Diving'),
(1038, N'Cricket')
SET IDENTITY_INSERT [dbo].[Sport] OFF
GO

print "" print "*** Inserting into Team"
GO
SET IDENTITY_INSERT [dbo].[Team] ON
INSERT INTO [dbo].[Team] ([team_id], [team_name], [gender], [sport_id], [member_id]) VALUES 
(1000, N'Chicago Bears', 1, 1012, 100040),
(1001, N'Lakers', 1, 1010, 100011),
(1002, N'Chelsea', 0, 1011, 100011),
(1003, N'Real Madrid', 1, 1011, 100011),
(1004, N'Champions', 1, 1002, 100011),
(1005, N'Legends', 0, 1013, 100011),
(1006, N'Buffalo Bills', 1, 1012, 100011),
(1007, N'Power City', 1, 1025, 100011),
(1008, N'Unstoppables', 1, 1014, 100011),
(1009, N'Warriors', 1, 1010, 100011),
(1010, N'Chicago Bulls', 1, 1010, 100013),
(1011, N'Suns', 1, 1010, 100011),
(1012, N'FC Barcelona', 1, 1011, 100012),
(1013, N'Liverpool', 1, 1011, 100011),
(1014, N'Manchester City', 0, 1011, 100014),
(1015, N'Believers', 0, 1013, 100011),
(1016, N'Vikings', 1, 1025, 100011),
(1017, N'Juniors', 1, 1025, 100011),
(1018, N'Chiefs', 1, 1012, 100017),
(1019, N'Bengals', 1, 1012, 100011),
(1020, N'Eagles', 1, 1012, 100011),
(1021, N'49ers', 1, 1012, 100009),
(1025, N'Manchester United', 1, 1011, 100011),
(1026, N'Oklahoma Thunder', 1, 1010, 100011),
(1027, N'Lighting', 0, 1010, 100011),
(1028, N'Nets', 1, 1010, 100011),
(1029, N'Raptors', 1, 1010, 100011),
(1030, N'76ers', 1, 1010, 100011),
(1031, N'Cowboys', 1, 1012, 100011),
(1032, N'New York Giants', 1, 1012, 100011)
SET IDENTITY_INSERT [dbo].[Team] OFF
GO


print "" print "*** Inserting into Availability"
GO
SET IDENTITY_INSERT [dbo].[Availability] ON
INSERT INTO [dbo].[Availability] ([availability_id], [description], [is_available], [member_id], [start_availability], [end_availability]) VALUES 
(1001, N'I''m available', 1, 100000, N'2023-02-01 00:00:00', N'2023-02-28 00:00:00'),
(1002, N'I''m not available', 0, 100000, N'2023-03-01 00:00:00', N'2023-03-30 00:00:00'),
(1003, N'I''m available', 1, 100000, N'2023-04-01 00:00:00', N'2023-06-30 00:00:00'),
(1004, N'I''m available', 1, 100003, N'2023-02-01 00:00:00', N'2023-02-28 00:00:00'),
(1005, N'I''m available', 1, 100003, N'2023-03-01 00:00:00', N'2023-03-30 00:00:00'),
(1006, N'I''m not available', 0, 100003, N'2023-04-01 00:00:00', N'2023-06-30 00:00:00'),
(1007, N'I''m not available', 0, 100015, N'2023-02-01 00:00:00', N'2023-02-28 00:00:00'),
(1008, N'I''m available', 1, 100015, N'2023-03-01 00:00:00', N'2023-06-30 00:00:00'),
(1009, N'I''m not available', 0, 100005, N'2023-02-01 00:00:00', N'2023-02-28 00:00:00'),
(1010, N'I''m available', 1, 100005, N'2023-03-01 00:00:00', N'2023-06-30 00:00:00'),
(1011, N'I''m not available', 0, 100007, N'2023-02-01 00:00:00', N'2023-02-28 00:00:00'),
(1012, N'I''m available', 1, 100007, N'2023-03-01 00:00:00', N'2023-06-30 00:00:00'),
(1013, N'I''m not available', 0, 100017, N'2023-02-01 00:00:00', N'2023-02-28 00:00:00'),
(1014, N'I''m available', 1, 100017, N'2023-03-01 00:00:00', N'2023-06-30 00:00:00'),
(1015, N'I''m available', 1, 100002, N'2023-02-01 00:00:00', N'2023-06-30 00:00:00'),
(1016, N'I''m available', 1, 100004, N'2023-02-01 00:00:00', N'2023-06-30 00:00:00'),
(1017, N'I''m available', 1, 100006, N'2023-02-01 00:00:00', N'2023-06-30 00:00:00'),
(1018, N'I''m available', 1, 100008, N'2023-02-01 00:00:00', N'2023-06-30 00:00:00'),
(1019, N'I''m available', 1, 100010, N'2023-02-01 00:00:00', N'2023-06-30 00:00:00'),
(1020, N'I''m available', 1, 100012, N'2023-02-01 00:00:00', N'2023-06-30 00:00:00'),
(1021, N'I''m available', 1, 100014, N'2023-02-01 00:00:00', N'2023-06-30 00:00:00'),
(1022, N'I''m available', 1, 100016, N'2023-02-01 00:00:00', N'2023-06-30 00:00:00'),
(1023, N'I''m available', 1, 100018, N'2023-02-01 00:00:00', N'2023-06-30 00:00:00'),
(1024, N'I''m available', 1, 100009, N'2023-02-01 00:00:00', N'2023-02-28 00:00:00'),
(1025, N'I''m available', 1, 100009, N'2023-03-01 00:00:00', N'2023-04-30 00:00:00'),
(1026, N'I''m not available', 0, 100009, N'2023-05-01 00:00:00', N'2023-06-30 00:00:00'),
(1030, N'I''m available', 1, 100013, N'2023-02-01 00:00:00', N'2023-02-28 00:00:00'),
(1031, N'I''m available', 1, 100013, N'2023-03-01 00:00:00', N'2023-04-30 00:00:00'),
(1032, N'I''m not available', 0, 100013, N'2023-05-01 00:00:00', N'2023-06-30 00:00:00'),
(1033, N'I''m available', 1, 100019, N'2023-02-01 00:00:00', N'2023-02-28 00:00:00'),
(1034, N'I''m available', 1, 100019, N'2023-03-01 00:00:00', N'2023-04-30 00:00:00'),
(1035, N'I''m not available', 0, 100019, N'2023-05-01 00:00:00', N'2023-06-30 00:00:00')
SET IDENTITY_INSERT [dbo].[Availability] OFF
GO

print "" print "*** Inserting into Venue"
GO
SET IDENTITY_INSERT [dbo].[Venue] ON
INSERT INTO [dbo].[Venue] ([venue_id], [venue_name], [parking], [description], [location], [zip_code], [city]) VALUES 
(1000, N'Iowa State Fairgrounds', N'400', N'Tthe perfect Iowa State Fairgrounds facility for your event', N'East 30th Street and East University Avenue, Des Moines, IA',50309, 'Des Moines'),
(1001, N'Principal Park', N'600', N'Principal Park is a baseball stadium located in Des Moines, Iowa. Since 1992, it has been the home of the Iowa Cubs, who are a Triple-A level baseball team in the Pacific Coast League and affiliated with the Chicago Cubs of Major League Baseball.', N'1 Line Dr, IA',50309, 'Des Moines'),
(1002, N'Wells Fargo Arena', N'800', N'Regularly ranked as one of the world''s 100 top venues for concert attendance, Wells Fargo Arena is the hottest spot for sports and entertainment in Des Moines!', N'233 Center St, IA',50309,'Des Moines'),
(1003, N'UNI-Dome / McLeod Center', N'450', N'We are accommodating all of the UNI-Dome, McLeod Center and West Gym events and rentals. The venues will be open to the public during those events times or activities. ', N'2501 Hudson Rd, IA',50614,'Cedar Falls'),
(1004, N'Iowa Wild', N'600', N'The Iowa Wild is a professional ice hockey team in the American Hockey League, which begins operations as of the 2013-2014 season.', N'730 3rd St, IA', 50309,'Des Moines'),
(1005, N'Buccaneer Arena', N'550', N'Buccaneer Arena is a 3,461-seat all-purpose arena, with standing room for an additional 700 in Urbandale, Iowa, home to the Des Moines ice hockey team', N'7201 Hickman Rd, IA',50322,'Urbandale'),
(1006, N'Carver-Hawkeye arena', N'350', N'The Carver-Hawkeye Arena is a basketball hall located in Iowa City, Iowa. The tenants are the Iowa Hawkeyes', N'1 Elliott Dr, IA',52242,'Iowa City'),
(1015, N'Vernon Arena & Waterpark', N'400', N'The All Seasons Center, Siouxnami Waterpark & Vernon Arena is your destination for fun! Come enjoy the water with fantastic indoor and outdoor water, etc.', N'770 7th St NE, IA',51250,'Sioux Center'),
(1016, N'Young Arena', N'600', N'The Young Arena is a 3,000-seat multi-purpose arena located in Waterloo, Iowa, United States, and was built in 1994.', N'125 Commercial St, IA',50703,'Waterloo'),
(1017, N'Community Field', N'800', N'Community Field is a stadium located in Burlington, Iowa. It is primarily used for baseball and is the home ground of the Burlington Bees collegiate summer baseball team of the Prospect League.', N'2712 Mt Pleasant St, IA',52601,'Burlington'),
(1018, N'NelsonCorp Field', N'500', N'NelsonCorp Field is a stadium in Clinton, Iowa. It is primarily used for baseball, and is operated by and is the home ground for the Clinton LumberKings collegiate summer baseball team of the Prospect League.', N'537 Ball Park Dr, IA',52732,'Clinton'),
(1022, N'Alliant Energy PowerHouse', N'600', N'Alliant Energy PowerHouse is a multi-purpose arena located in downtown, Iowa', N'370 1st Ave NE, IA',52401,'Cedar Rapids'),
(1023, N'Xtream Arena', N'800', N'Xtream Arena powered by Mediacom is a multi-purpose arena in Coralville, Iowa that opened in September 2020. The arena''s primary tenants are the Iowa Hawkeyes volleyball teams and the Iowa Heartlanders professional ice hockey team of the ECHL.', N'200 E 9th St Ste 100, IA',52241,'Coralville')
SET IDENTITY_INSERT [dbo].[Venue] OFF
GO

print "" print "*** Inserting into Equipment"
GO
SET IDENTITY_INSERT [dbo].[Equipment] ON
INSERT INTO [dbo].[Equipment] ([equipment_id], [sport_id], [description]) VALUES 
(1000, 1010, N'The Backboard'),
(1001, 1010, N'The Ball'),
(1002, 1010, N'The Hoop'),
(1003, 1010, N'Jerseys'),
(1004, 1010, N'Shoes'),
(1005, 1010, N'Shorts'),
(1007, 1010, N'Socks'),
(1008, 1010, N'Headbands'),
(1009, 1010, N'Shooting Sleeves'),
(1010, 1010, N'Towels'),
(1011, 1010, N'Ball Pump'),
(1012, 1010, N'Whistles'),
(1013, 1010, N'Wristbands'),
(1014, 1010, N'Safety Equipment'),
(1015, 1010, N'Ball Racks'),
(1016, 1011, N'Cleats'),
(1017, 1011, N'Shin Guards'),
(1018, 1011, N'Soccer Ball'),
(1019, 1011, N'Uniform'),
(1020, 1011, N'Practices Clothes'),
(1021, 1011, N'Soccer Socks'),
(1022, 1011, N'Goalkeeper Gloves'),
(1023, 1011, N'Water Bottle'),
(1024, 1011, N'Gear Bag'),
(1025, 1012, N'Cleats'),
(1026, 1012, N'Gloves'),
(1027, 1012, N'Visors'),
(1028, 1012, N'Mouthguards'),
(1029, 1012, N'Arm and Leg Sleeves'),
(1030, 1012, N'Shoulder Pads'),
(1031, 1012, N'Neck Rolls'),
(1032, 1012, N'Skull Caps'),
(1033, 1012, N'Swearbands'),
(1034, 1012, N'Athletic Turf Tape'),
(1035, 1012, N'Helmet'),
(1036, 1012, N'Flags'),
(1037, 1012, N'K-Balls'),
(1038, 1012, N'Ball'),
(1039, 1012, N'Jerseys'),
(1040, 1012, N'Girdles'),
(1041, 1012, N'Joskstraps'),
(1042, 1012, N'Eye-Black'),
(1043, 1012, N'Cones'),
(1044, 1025, N'Hockey Stick'),
(1045, 1025, N'Shoes'),
(1046, 1025, N'Moth Guards'),
(1047, 1025, N'Shin Guards'),
(1048, 1025, N'Socks and Rash Guards'),
(1049, 1025, N'Stick Bag'),
(1050, 1025, N'Electrical Tape'),
(1051, 1025, N'Grip'),
(1052, 1025, N'Ball'),
(1053, 1025, N'Helmet'),
(1054, 1025, N'Chest Pad'),
(1055, 1025, N'Throat Protector'),
(1056, 1025, N'Goalie Girdles'),
(1057, 1025, N'Kickers'),
(1058, 1014, N'Ball'),
(1059, 1014, N'Bases'),
(1060, 1014, N'Belts'),
(1061, 1014, N'Bat Bag'),
(1062, 1014, N'Batting Cages'),
(1063, 1014, N'Hats and Caps'),
(1064, 1014, N'Catcher''s Gear'),
(1065, 1014, N'Helmet'),
(1066, 1014, N'Cleats'),
(1067, 1014, N'Chewing Gum'),
(1068, 1014, N'Doughnuts'),
(1069, 1014, N'Eye Black'),
(1070, 1014, N'Grip Tape'),
(1071, 1014, N'Pants'),
(1072, 1014, N'Socks'),
(1073, 1014, N'Sunglasses'),
(1074, 1014, N'Uniforms or Jerseys'),
(1075, 1013, N'Antennas'),
(1076, 1013, N'Ball'),
(1077, 1013, N'Ball Pumps'),
(1078, 1013, N'Carts'),
(1079, 1013, N'Coaches'' Clipboards'),
(1080, 1013, N'Elbow Pads'),
(1081, 1013, N'Finger Tape'),
(1082, 1013, N'Jerseys'),
(1083, 1013, N'Floor Tape'),
(1084, 1013, N'Nets'),
(1085, 1013, N'Poles'),
(1086, 1013, N'Knee Pads'),
(1087, 1013, N'Shorts'),
(1088, 1013, N'Shoes'),
(1089, 1013, N'Water Bottles'),
(1090, 1002, N'Bandanas'),
(1091, 1002, N'Carts'),
(1092, 1002, N'Arm Sleeves'),
(1093, 1002, N'Ball Clips'),
(1094, 1002, N'Ball Hoppers'),
(1095, 1002, N'Ball Machines'),
(1096, 1002, N'Cans of Balls'),
(1097, 1002, N'Grip Tape'),
(1098, 1002, N'Hats'),
(1099, 1002, N'Nets'),
(1100, 1002, N'Rosin'),
(1101, 1002, N'Snacks'),
(1102, 1002, N'Strings'),
(1103, 1002, N'Sunscreen'),
(1104, 1002, N'Sunglasses'),
(1105, 1002, N'Dress'),
(1106, 1002, N'Leggings'),
(1107, 1002, N'Shoes'),
(1108, 1002, N'Shorts'),
(1109, 1002, N'Skirts'),
(1110, 1002, N'Socks'),
(1111, 1002, N'T-Shirts'),
(1112, 1002, N'Towels'),
(1113, 1002, N'Visors')
SET IDENTITY_INSERT [dbo].[Equipment] OFF


print "" print "*** Inserting into VenueEquipmentList"
GO
INSERT INTO [dbo].[VenueEquipmentList] ([equipment_id], [venue_id], [quantity]) VALUES 
(1000, 1000, 38),
(1000, 1001, 20),
(1000, 1002, 23),
(1000, 1003, 16),
(1000, 1004, 3),
(1000, 1005, 0),
(1000, 1006, 48),
(1000, 1015, 14),
(1000, 1016, 18),
(1000, 1017, 37),
(1000, 1018, 34),
(1000, 1022, 14),
(1000, 1023, 5),
(1001, 1000, 38),
(1001, 1001, 33),
(1001, 1002, 3),
(1001, 1003, 24),
(1001, 1004, 0),
(1001, 1005, 0),
(1001, 1006, 12),
(1001, 1015, 48),
(1001, 1016, 23),
(1001, 1017, 26),
(1001, 1018, 19),
(1001, 1022, 22),
(1001, 1023, 33),
(1002, 1000, 40),
(1002, 1001, 25),
(1002, 1002, 21),
(1002, 1003, 13),
(1002, 1004, 4),
(1002, 1005, 0),
(1002, 1006, 41),
(1002, 1015, 20),
(1002, 1016, 10),
(1002, 1017, 46),
(1002, 1018, 10),
(1002, 1022, 5),
(1002, 1023, 40),
(1003, 1000, 5),
(1003, 1001, 44),
(1003, 1002, 9),
(1003, 1003, 9),
(1003, 1004, 4),
(1003, 1005, 0),
(1003, 1006, 15),
(1003, 1015, 0),
(1003, 1016, 47),
(1003, 1017, 25),
(1003, 1018, 12),
(1003, 1022, 31),
(1003, 1023, 30),
(1004, 1000, 45),
(1004, 1001, 2),
(1004, 1002, 21),
(1004, 1003, 9),
(1004, 1004, 0),
(1004, 1005, 0),
(1004, 1006, 37),
(1004, 1015, 49),
(1004, 1016, 6),
(1004, 1017, 9),
(1004, 1018, 5),
(1004, 1022, 5),
(1004, 1023, 23),
(1005, 1000, 49),
(1005, 1001, 12),
(1005, 1002, 9),
(1005, 1003, 9),
(1005, 1004, 2),
(1005, 1005, 0),
(1005, 1006, 8),
(1005, 1015, 21),
(1005, 1016, 17),
(1005, 1017, 16),
(1005, 1018, 5),
(1005, 1022, 5),
(1005, 1023, 42),
(1007, 1000, 49),
(1007, 1001, 46),
(1007, 1002, 8),
(1007, 1003, 19),
(1007, 1004, 4),
(1007, 1005, 0),
(1007, 1006, 36),
(1007, 1015, 20),
(1007, 1016, 9),
(1007, 1017, 38),
(1007, 1018, 8),
(1007, 1022, 44),
(1007, 1023, 1),
(1008, 1000, 70),
(1008, 1001, 65),
(1008, 1002, 2),
(1008, 1003, 11),
(1008, 1004, 1),
(1008, 1005, 0),
(1008, 1006, 39),
(1008, 1015, 33),
(1008, 1016, 9),
(1008, 1017, 18),
(1008, 1018, 0),
(1008, 1022, 23),
(1008, 1023, 10),
(1009, 1000, 23),
(1009, 1001, 57),
(1009, 1002, 4),
(1009, 1003, 10),
(1009, 1004, 0),
(1009, 1005, 0),
(1009, 1006, 46),
(1009, 1015, 9),
(1009, 1016, 18),
(1009, 1017, 11),
(1009, 1018, 49),
(1009, 1022, 29),
(1009, 1023, 4),
(1010, 1000, 38),
(1010, 1001, 71),
(1010, 1002, 20),
(1010, 1003, 19),
(1010, 1004, 4),
(1010, 1005, 0),
(1010, 1006, 44),
(1010, 1015, 30),
(1010, 1016, 32),
(1010, 1017, 34),
(1010, 1018, 18),
(1010, 1022, 36),
(1010, 1023, 32),
(1011, 1000, 66),
(1011, 1001, 8),
(1011, 1002, 10),
(1011, 1003, 18),
(1011, 1004, 3),
(1011, 1005, 0),
(1011, 1006, 15),
(1011, 1015, 15),
(1011, 1016, 18),
(1011, 1017, 26),
(1011, 1018, 39),
(1011, 1022, 24),
(1011, 1023, 7),
(1012, 1000, 28),
(1012, 1001, 78),
(1012, 1002, 1),
(1012, 1003, 14),
(1012, 1004, 3),
(1012, 1005, 0),
(1012, 1006, 21),
(1012, 1015, 29),
(1012, 1016, 34),
(1012, 1017, 23),
(1012, 1018, 27),
(1012, 1022, 4),
(1012, 1023, 31),
(1013, 1000, 1),
(1013, 1001, 55),
(1013, 1002, 19),
(1013, 1003, 17),
(1013, 1004, 3),
(1013, 1005, 0),
(1013, 1006, 17),
(1013, 1015, 28),
(1013, 1016, 45),
(1013, 1017, 11),
(1013, 1018, 25),
(1013, 1022, 31),
(1013, 1023, 38),
(1014, 1000, 21),
(1014, 1001, 8),
(1014, 1002, 7),
(1014, 1003, 24),
(1014, 1004, 2),
(1014, 1005, 0),
(1014, 1006, 26),
(1014, 1015, 33),
(1014, 1016, 46),
(1014, 1017, 14),
(1014, 1018, 1),
(1014, 1022, 18),
(1014, 1023, 41),
(1015, 1000, 23),
(1015, 1001, 78),
(1015, 1002, 7),
(1015, 1003, 5),
(1015, 1004, 4),
(1015, 1005, 0),
(1015, 1006, 7),
(1015, 1015, 44),
(1015, 1016, 5),
(1015, 1017, 11),
(1015, 1018, 17),
(1015, 1022, 12),
(1015, 1023, 25),
(1016, 1000, 87),
(1016, 1001, 90),
(1016, 1002, 5),
(1016, 1003, 20),
(1016, 1004, 4),
(1016, 1005, 0),
(1016, 1006, 1),
(1016, 1015, 8),
(1016, 1016, 46),
(1016, 1017, 11),
(1016, 1018, 6),
(1016, 1022, 39),
(1016, 1023, 25),
(1017, 1000, 32),
(1017, 1001, 35),
(1017, 1002, 9),
(1017, 1003, 19),
(1017, 1004, 0),
(1017, 1005, 0),
(1017, 1006, 48),
(1017, 1015, 34),
(1017, 1016, 46),
(1017, 1017, 48),
(1017, 1018, 7),
(1017, 1022, 48),
(1017, 1023, 39),
(1018, 1000, 43),
(1018, 1001, 43),
(1018, 1002, 5),
(1018, 1003, 6),
(1018, 1004, 3),
(1018, 1005, 0),
(1018, 1006, 43),
(1018, 1015, 13),
(1018, 1016, 1),
(1018, 1017, 22),
(1018, 1018, 13),
(1018, 1022, 7),
(1018, 1023, 29),
(1019, 1000, 98),
(1019, 1001, 73),
(1019, 1002, 8),
(1019, 1003, 19),
(1019, 1004, 4),
(1019, 1005, 0),
(1019, 1006, 20),
(1019, 1015, 41),
(1019, 1016, 39),
(1019, 1017, 23),
(1019, 1018, 35),
(1019, 1022, 34),
(1019, 1023, 36),
(1020, 1000, 94),
(1020, 1001, 29),
(1020, 1002, 7),
(1020, 1003, 16),
(1020, 1004, 1),
(1020, 1005, 0),
(1020, 1006, 19),
(1020, 1015, 33),
(1020, 1016, 21),
(1020, 1017, 24),
(1020, 1018, 13),
(1020, 1022, 21),
(1020, 1023, 46),
(1021, 1000, 94),
(1021, 1001, 65),
(1021, 1002, 15),
(1021, 1003, 4),
(1021, 1004, 0),
(1021, 1005, 0),
(1021, 1006, 5),
(1021, 1015, 0),
(1021, 1016, 42),
(1021, 1017, 47),
(1021, 1018, 48),
(1021, 1022, 4),
(1021, 1023, 36),
(1022, 1000, 44),
(1022, 1001, 68),
(1022, 1002, 15),
(1022, 1003, 5),
(1022, 1004, 4),
(1022, 1005, 0),
(1022, 1006, 28),
(1022, 1015, 2),
(1022, 1016, 27),
(1022, 1017, 25),
(1022, 1018, 48),
(1022, 1022, 13),
(1022, 1023, 9),
(1023, 1000, 51),
(1023, 1001, 46),
(1023, 1002, 24),
(1023, 1003, 3),
(1023, 1004, 2),
(1023, 1005, 0),
(1023, 1006, 36),
(1023, 1015, 45),
(1023, 1016, 11),
(1023, 1017, 33),
(1023, 1018, 47),
(1023, 1022, 47),
(1023, 1023, 49),
(1024, 1000, 24),
(1024, 1001, 70),
(1024, 1002, 5),
(1024, 1003, 16),
(1024, 1004, 4),
(1024, 1005, 0),
(1024, 1006, 35),
(1024, 1015, 44),
(1024, 1016, 36),
(1024, 1017, 25),
(1024, 1018, 28),
(1024, 1022, 2),
(1024, 1023, 7),
(1025, 1000, 71),
(1025, 1001, 61),
(1025, 1002, 20),
(1025, 1003, 3),
(1025, 1004, 1),
(1025, 1005, 0),
(1025, 1006, 49),
(1025, 1015, 6),
(1025, 1016, 21),
(1025, 1017, 30),
(1025, 1018, 44),
(1025, 1022, 45),
(1025, 1023, 30),
(1026, 1000, 79),
(1026, 1001, 34),
(1026, 1002, 1),
(1026, 1003, 23),
(1026, 1004, 3),
(1026, 1005, 0),
(1026, 1006, 35),
(1026, 1015, 45),
(1026, 1016, 42),
(1026, 1017, 40),
(1026, 1018, 40),
(1026, 1022, 20),
(1026, 1023, 30),
(1027, 1000, 55),
(1027, 1001, 91),
(1027, 1002, 14),
(1027, 1003, 13),
(1027, 1004, 2),
(1027, 1005, 0),
(1027, 1006, 36),
(1027, 1015, 4),
(1027, 1016, 38),
(1027, 1017, 32),
(1027, 1018, 4),
(1027, 1022, 18),
(1027, 1023, 7),
(1028, 1000, 44),
(1028, 1001, 69),
(1028, 1002, 14),
(1028, 1003, 5),
(1028, 1004, 4),
(1028, 1005, 0),
(1028, 1006, 0),
(1028, 1015, 0),
(1028, 1016, 30),
(1028, 1017, 46),
(1028, 1018, 48),
(1028, 1022, 22),
(1028, 1023, 15),
(1029, 1000, 14),
(1029, 1001, 46),
(1029, 1002, 1),
(1029, 1003, 16),
(1029, 1004, 3),
(1029, 1005, 0),
(1029, 1006, 36),
(1029, 1015, 18),
(1029, 1016, 14),
(1029, 1017, 28),
(1029, 1018, 43),
(1029, 1022, 18),
(1029, 1023, 13),
(1030, 1000, 55),
(1030, 1001, 18),
(1030, 1002, 19),
(1030, 1003, 14),
(1030, 1004, 0),
(1030, 1005, 0),
(1030, 1006, 48),
(1030, 1015, 37),
(1030, 1016, 1),
(1030, 1017, 9),
(1030, 1018, 22),
(1030, 1022, 22),
(1030, 1023, 35),
(1031, 1000, 0),
(1031, 1001, 82),
(1031, 1002, 21),
(1031, 1003, 10),
(1031, 1004, 0),
(1031, 1005, 0),
(1031, 1006, 11),
(1031, 1015, 9),
(1031, 1016, 5),
(1031, 1017, 40),
(1031, 1018, 32),
(1031, 1022, 37),
(1031, 1023, 22),
(1032, 1000, 17),
(1032, 1001, 28),
(1032, 1002, 21),
(1032, 1003, 14),
(1032, 1004, 1),
(1032, 1005, 0),
(1032, 1006, 47),
(1032, 1015, 32),
(1032, 1016, 43),
(1032, 1017, 8),
(1032, 1018, 19),
(1032, 1022, 22),
(1032, 1023, 2),
(1033, 1000, 85),
(1033, 1001, 69),
(1033, 1002, 11),
(1033, 1003, 11),
(1033, 1004, 0),
(1033, 1005, 0),
(1033, 1006, 27),
(1033, 1015, 39),
(1033, 1016, 20),
(1033, 1017, 37),
(1033, 1018, 4),
(1033, 1022, 7),
(1033, 1023, 19),
(1034, 1000, 74),
(1034, 1001, 85),
(1034, 1002, 8),
(1034, 1003, 20),
(1034, 1004, 1),
(1034, 1005, 0),
(1034, 1006, 5),
(1034, 1015, 25),
(1034, 1016, 24),
(1034, 1017, 6),
(1034, 1018, 32),
(1034, 1022, 23),
(1034, 1023, 33),
(1035, 1000, 9),
(1035, 1001, 24),
(1035, 1002, 15),
(1035, 1003, 7),
(1035, 1004, 2),
(1035, 1005, 0),
(1035, 1006, 16),
(1035, 1015, 1),
(1035, 1016, 17),
(1035, 1017, 1),
(1035, 1018, 21),
(1035, 1022, 43),
(1035, 1023, 40),
(1036, 1000, 63),
(1036, 1001, 45),
(1036, 1002, 17),
(1036, 1003, 23),
(1036, 1004, 1),
(1036, 1005, 0),
(1036, 1006, 7),
(1036, 1015, 15),
(1036, 1016, 22),
(1036, 1017, 10),
(1036, 1018, 39),
(1036, 1022, 32),
(1036, 1023, 49),
(1037, 1000, 84),
(1037, 1001, 11),
(1037, 1002, 1),
(1037, 1003, 18),
(1037, 1004, 3),
(1037, 1005, 0),
(1037, 1006, 25),
(1037, 1015, 27),
(1037, 1016, 2),
(1037, 1017, 44),
(1037, 1018, 35),
(1037, 1022, 14),
(1037, 1023, 42),
(1038, 1000, 55),
(1038, 1001, 0),
(1038, 1002, 3),
(1038, 1003, 20),
(1038, 1004, 1),
(1038, 1005, 0),
(1038, 1006, 39),
(1038, 1015, 40),
(1038, 1016, 11),
(1038, 1017, 11),
(1038, 1018, 3),
(1038, 1022, 7),
(1038, 1023, 7),
(1039, 1000, 10),
(1039, 1001, 4),
(1039, 1002, 7),
(1039, 1003, 13),
(1039, 1004, 4),
(1039, 1005, 0),
(1039, 1006, 27),
(1039, 1015, 15),
(1039, 1016, 36),
(1039, 1017, 45),
(1039, 1018, 15),
(1039, 1022, 14),
(1039, 1023, 34),
(1040, 1000, 93),
(1040, 1001, 67),
(1040, 1002, 0),
(1040, 1003, 4),
(1040, 1004, 1),
(1040, 1005, 0),
(1040, 1006, 13),
(1040, 1015, 42),
(1040, 1016, 37),
(1040, 1017, 6),
(1040, 1018, 7),
(1040, 1022, 30),
(1040, 1023, 37),
(1041, 1000, 51),
(1041, 1001, 52),
(1041, 1002, 19),
(1041, 1003, 5),
(1041, 1004, 1),
(1041, 1005, 0),
(1041, 1006, 13),
(1041, 1015, 23),
(1041, 1016, 21),
(1041, 1017, 22),
(1041, 1018, 6),
(1041, 1022, 27),
(1041, 1023, 36),
(1042, 1000, 74),
(1042, 1001, 36),
(1042, 1002, 1),
(1042, 1003, 19),
(1042, 1004, 4),
(1042, 1005, 0),
(1042, 1006, 5),
(1042, 1015, 30),
(1042, 1016, 40),
(1042, 1017, 39),
(1042, 1018, 8),
(1042, 1022, 49),
(1042, 1023, 25),
(1043, 1000, 92),
(1043, 1001, 22),
(1043, 1002, 5),
(1043, 1003, 12),
(1043, 1004, 4),
(1043, 1005, 0),
(1043, 1006, 35),
(1043, 1015, 49),
(1043, 1016, 39),
(1043, 1017, 3),
(1043, 1018, 41),
(1043, 1022, 2),
(1043, 1023, 24),
(1044, 1000, 50),
(1044, 1001, 23),
(1044, 1002, 9),
(1044, 1003, 19),
(1044, 1004, 2),
(1044, 1005, 0),
(1044, 1006, 16),
(1044, 1015, 47),
(1044, 1016, 33),
(1044, 1017, 41),
(1044, 1018, 29),
(1044, 1022, 11),
(1044, 1023, 8),
(1045, 1000, 46),
(1045, 1001, 77),
(1045, 1002, 8),
(1045, 1003, 6),
(1045, 1004, 0),
(1045, 1005, 0),
(1045, 1006, 33),
(1045, 1015, 35),
(1045, 1016, 14),
(1045, 1017, 8),
(1045, 1018, 22),
(1045, 1022, 35),
(1045, 1023, 3),
(1046, 1000, 79),
(1046, 1001, 52),
(1046, 1002, 22),
(1046, 1003, 21),
(1046, 1004, 2),
(1046, 1005, 0),
(1046, 1006, 36),
(1046, 1015, 47),
(1046, 1016, 41),
(1046, 1017, 10),
(1046, 1018, 28),
(1046, 1022, 18),
(1046, 1023, 4),
(1047, 1000, 31),
(1047, 1001, 38),
(1047, 1002, 19),
(1047, 1003, 7),
(1047, 1004, 4),
(1047, 1005, 0),
(1047, 1006, 4),
(1047, 1015, 13),
(1047, 1016, 40),
(1047, 1017, 34),
(1047, 1018, 5),
(1047, 1022, 4),
(1047, 1023, 8),
(1048, 1000, 74),
(1048, 1001, 11),
(1048, 1002, 8),
(1048, 1003, 22),
(1048, 1004, 1),
(1048, 1005, 0),
(1048, 1006, 8),
(1048, 1015, 9),
(1048, 1016, 38),
(1048, 1017, 36),
(1048, 1018, 28),
(1048, 1022, 12),
(1048, 1023, 8),
(1049, 1000, 89),
(1049, 1001, 77),
(1049, 1002, 11),
(1049, 1003, 6),
(1049, 1004, 3),
(1049, 1005, 0),
(1049, 1006, 44),
(1049, 1015, 41),
(1049, 1016, 41),
(1049, 1017, 8),
(1049, 1018, 10),
(1049, 1022, 40),
(1049, 1023, 44),
(1050, 1000, 39),
(1050, 1001, 32),
(1050, 1002, 4),
(1050, 1003, 9),
(1050, 1004, 4),
(1050, 1005, 0),
(1050, 1006, 21),
(1050, 1015, 7),
(1050, 1016, 23),
(1050, 1017, 7),
(1050, 1018, 40),
(1050, 1022, 48),
(1050, 1023, 39),
(1051, 1000, 64),
(1051, 1001, 84),
(1051, 1002, 7),
(1051, 1003, 19),
(1051, 1004, 1),
(1051, 1005, 0),
(1051, 1006, 36),
(1051, 1015, 3),
(1051, 1016, 44),
(1051, 1017, 21),
(1051, 1018, 17),
(1051, 1022, 32),
(1051, 1023, 36),
(1052, 1000, 77),
(1052, 1001, 70),
(1052, 1002, 18),
(1052, 1003, 4),
(1052, 1004, 1),
(1052, 1005, 0),
(1052, 1006, 0),
(1052, 1015, 26),
(1052, 1016, 10),
(1052, 1017, 40),
(1052, 1018, 28),
(1052, 1022, 23),
(1052, 1023, 24),
(1053, 1000, 1),
(1053, 1001, 86),
(1053, 1002, 6),
(1053, 1003, 23),
(1053, 1004, 4),
(1053, 1005, 0),
(1053, 1006, 26),
(1053, 1015, 21),
(1053, 1016, 42),
(1053, 1017, 33),
(1053, 1018, 31),
(1053, 1022, 37),
(1053, 1023, 20),
(1054, 1000, 67),
(1054, 1001, 3),
(1054, 1002, 14),
(1054, 1003, 6),
(1054, 1004, 3),
(1054, 1005, 0),
(1054, 1006, 30),
(1054, 1015, 7),
(1054, 1016, 43),
(1054, 1017, 30),
(1054, 1018, 30),
(1054, 1022, 21),
(1054, 1023, 13),
(1055, 1000, 98),
(1055, 1001, 45),
(1055, 1002, 9),
(1055, 1003, 22),
(1055, 1004, 2),
(1055, 1005, 0),
(1055, 1006, 26),
(1055, 1015, 38),
(1055, 1016, 37),
(1055, 1017, 40),
(1055, 1018, 24),
(1055, 1022, 41),
(1055, 1023, 36),
(1056, 1000, 54),
(1056, 1001, 22),
(1056, 1002, 0),
(1056, 1003, 2),
(1056, 1004, 2),
(1056, 1005, 0),
(1056, 1006, 7),
(1056, 1015, 2),
(1056, 1016, 15),
(1056, 1017, 9),
(1056, 1018, 47),
(1056, 1022, 29),
(1056, 1023, 31),
(1057, 1000, 65),
(1057, 1001, 99),
(1057, 1002, 17),
(1057, 1003, 6),
(1057, 1004, 3),
(1057, 1005, 0),
(1057, 1006, 5),
(1057, 1015, 33),
(1057, 1016, 48),
(1057, 1017, 0),
(1057, 1018, 40),
(1057, 1022, 31),
(1057, 1023, 18),
(1058, 1000, 96),
(1058, 1001, 73),
(1058, 1002, 1),
(1058, 1003, 5),
(1058, 1004, 1),
(1058, 1005, 0),
(1058, 1006, 25),
(1058, 1015, 4),
(1058, 1016, 27),
(1058, 1017, 25),
(1058, 1018, 38),
(1058, 1022, 1),
(1058, 1023, 34),
(1059, 1000, 40),
(1059, 1001, 29),
(1059, 1002, 16),
(1059, 1003, 14),
(1059, 1004, 3),
(1059, 1005, 0),
(1059, 1006, 4),
(1059, 1015, 38),
(1059, 1016, 12),
(1059, 1017, 32),
(1059, 1018, 27),
(1059, 1022, 34),
(1059, 1023, 24),
(1060, 1000, 78),
(1060, 1001, 75),
(1060, 1002, 6),
(1060, 1003, 1),
(1060, 1004, 4),
(1060, 1005, 0),
(1060, 1006, 15),
(1060, 1015, 36),
(1060, 1016, 47),
(1060, 1017, 48),
(1060, 1018, 7),
(1060, 1022, 27),
(1060, 1023, 6),
(1061, 1000, 30),
(1061, 1001, 35),
(1061, 1002, 23),
(1061, 1003, 12),
(1061, 1004, 4),
(1061, 1005, 0),
(1061, 1006, 19),
(1061, 1015, 28),
(1061, 1016, 24),
(1061, 1017, 47),
(1061, 1018, 25),
(1061, 1022, 45),
(1061, 1023, 26),
(1062, 1000, 39),
(1062, 1001, 25),
(1062, 1002, 3),
(1062, 1003, 13),
(1062, 1004, 3),
(1062, 1005, 0),
(1062, 1006, 13),
(1062, 1015, 40),
(1062, 1016, 2),
(1062, 1017, 4),
(1062, 1018, 3),
(1062, 1022, 21),
(1062, 1023, 43),
(1063, 1000, 99),
(1063, 1001, 17),
(1063, 1002, 14),
(1063, 1003, 2),
(1063, 1004, 0),
(1063, 1005, 0),
(1063, 1006, 29),
(1063, 1015, 40),
(1063, 1016, 8),
(1063, 1017, 9),
(1063, 1018, 10),
(1063, 1022, 45),
(1063, 1023, 4),
(1064, 1000, 20),
(1064, 1001, 84),
(1064, 1002, 14),
(1064, 1003, 13),
(1064, 1004, 3),
(1064, 1005, 0),
(1064, 1006, 45),
(1064, 1015, 39),
(1064, 1016, 35),
(1064, 1017, 42),
(1064, 1018, 39),
(1064, 1022, 47),
(1064, 1023, 24),
(1065, 1000, 22),
(1065, 1001, 40),
(1065, 1002, 19),
(1065, 1003, 21),
(1065, 1004, 0),
(1065, 1005, 0),
(1065, 1006, 47),
(1065, 1015, 37),
(1065, 1016, 26),
(1065, 1017, 34),
(1065, 1018, 26),
(1065, 1022, 35),
(1065, 1023, 41),
(1066, 1000, 43),
(1066, 1001, 0),
(1066, 1002, 5),
(1066, 1003, 2),
(1066, 1004, 2),
(1066, 1005, 0),
(1066, 1006, 41),
(1066, 1015, 22),
(1066, 1016, 29),
(1066, 1017, 38),
(1066, 1018, 11),
(1066, 1022, 47),
(1066, 1023, 2),
(1067, 1000, 13),
(1067, 1001, 86),
(1067, 1002, 23),
(1067, 1003, 8),
(1067, 1004, 0),
(1067, 1005, 0),
(1067, 1006, 18),
(1067, 1015, 31),
(1067, 1016, 49),
(1067, 1017, 17),
(1067, 1018, 8),
(1067, 1022, 34),
(1067, 1023, 13),
(1068, 1000, 72),
(1068, 1001, 93),
(1068, 1002, 21),
(1068, 1003, 21),
(1068, 1004, 0),
(1068, 1005, 0),
(1068, 1006, 3),
(1068, 1015, 21),
(1068, 1016, 26),
(1068, 1017, 31),
(1068, 1018, 3),
(1068, 1022, 49),
(1068, 1023, 11),
(1069, 1000, 71),
(1069, 1001, 54),
(1069, 1002, 18),
(1069, 1003, 12),
(1069, 1004, 4),
(1069, 1005, 0),
(1069, 1006, 22),
(1069, 1015, 34),
(1069, 1016, 31),
(1069, 1017, 48),
(1069, 1018, 33),
(1069, 1022, 20),
(1069, 1023, 13),
(1070, 1000, 89),
(1070, 1001, 77),
(1070, 1002, 6),
(1070, 1003, 16),
(1070, 1004, 4),
(1070, 1005, 0),
(1070, 1006, 13),
(1070, 1015, 25),
(1070, 1016, 41),
(1070, 1017, 21),
(1070, 1018, 8),
(1070, 1022, 6),
(1070, 1023, 15),
(1071, 1000, 27),
(1071, 1001, 28),
(1071, 1002, 5),
(1071, 1003, 11),
(1071, 1004, 2),
(1071, 1005, 0),
(1071, 1006, 44),
(1071, 1015, 15),
(1071, 1016, 43),
(1071, 1017, 25),
(1071, 1018, 18),
(1071, 1022, 39),
(1071, 1023, 37),
(1072, 1000, 5),
(1072, 1001, 16),
(1072, 1002, 17),
(1072, 1003, 5),
(1072, 1004, 4),
(1072, 1005, 0),
(1072, 1006, 2),
(1072, 1015, 15),
(1072, 1016, 42),
(1072, 1017, 5),
(1072, 1018, 9),
(1072, 1022, 48),
(1072, 1023, 6),
(1073, 1000, 29),
(1073, 1001, 78),
(1073, 1002, 18),
(1073, 1003, 16),
(1073, 1004, 4),
(1073, 1005, 0),
(1073, 1006, 14),
(1073, 1015, 27),
(1073, 1016, 32),
(1073, 1017, 11),
(1073, 1018, 25),
(1073, 1022, 46),
(1073, 1023, 24),
(1074, 1000, 74),
(1074, 1001, 85),
(1074, 1002, 15),
(1074, 1003, 8),
(1074, 1004, 3),
(1074, 1005, 0),
(1074, 1006, 3),
(1074, 1015, 21),
(1074, 1016, 27),
(1074, 1017, 13),
(1074, 1018, 31),
(1074, 1022, 9),
(1074, 1023, 44),
(1075, 1000, 15),
(1075, 1001, 84),
(1075, 1002, 16),
(1075, 1003, 15),
(1075, 1004, 0),
(1075, 1005, 0),
(1075, 1006, 9),
(1075, 1015, 29),
(1075, 1016, 41),
(1075, 1017, 7),
(1075, 1018, 7),
(1075, 1022, 8),
(1075, 1023, 35),
(1076, 1000, 18),
(1076, 1001, 82),
(1076, 1002, 18),
(1076, 1003, 5),
(1076, 1004, 0),
(1076, 1005, 0),
(1076, 1006, 8),
(1076, 1015, 49),
(1076, 1016, 40),
(1076, 1017, 8),
(1076, 1018, 16),
(1076, 1022, 0),
(1076, 1023, 11),
(1077, 1000, 88),
(1077, 1001, 0),
(1077, 1002, 19),
(1077, 1003, 21),
(1077, 1004, 2),
(1077, 1005, 0),
(1077, 1006, 29),
(1077, 1015, 18),
(1077, 1016, 11),
(1077, 1017, 19),
(1077, 1018, 14),
(1077, 1022, 0)
GO

print "" print "*** Inserting into League"
GO
SET IDENTITY_INSERT [dbo].[League] ON
INSERT INTO [dbo].[League] ([league_id],[sport_id], [league_dues], [active], [member_id], [gender], [description], [name]) VALUES 
(1000, 1010, NULL, 1, 100011, 1, N'Regular season with each team playing every other team', N'NBA Season'),
(1001, 1011, NULL, 1, 100011, 1, N'The league takes place between August and May and involves the teams playing each other home and away across the season, a total of 380 matches.', N'Premiere League'),
(1002, 1012, NULL, 1, 100011, 1, N'an 18-week regular season (each team plays 17 games), and a 14-team single-elimination playoff culminating in the Super Bowl, the league''s championship game.', N'NFL season'),
(1003, 1011, NULL, 0, 100011, 0, N'The league takes place between August and May and involves the teams playing each other home and away across the season, a total of 380 matches.', N'Woman League')
SET IDENTITY_INSERT [dbo].[League] OFF
GO

print "" print "*** Inserting into LeagueRole"
GO
INSERT INTO [dbo].[LeagueRole] ([league_role_id], [description]) VALUES 
(1001, N'Athletic Trainer'),
(1002, N'Coach'),
(1003, N'Assistant Coach'),
(1004, N'Physical Education Instructor'),
(1005, N'Medical Assistant'),
(1006, N'Physical Therapy Assistant'),
(1007, N'Referees '),
(1008, N'Sports Information Director'),
(1009, N'Publisher'),
(1010, N'Scout'),
(1011, N'Team President'),
(1012, N'Ticket Operations Manager'),
(1013, N'Scoreboard Operator'),
(1014, N'Equipment Manager'),
(1015, N'Executive Director'),
(1016, N'Facility Manager'),
(1017, N'Medical staff'),
(1018, N'Communications'),
(1019, N'Technology')
GO


print "" print "*** Inserting into Tournament"
GO
SET IDENTITY_INSERT [dbo].[Tournament] ON
INSERT INTO [dbo].[Tournament] ([tournament_id], [sport_id], [gender], [member_id], [name], [description], [active]) VALUES 
(100000, 1010, 1, 100011, N'NBA Playoffs', N' two teams play each other up to seven times, with the team that wins four games progressing to the next round', 1),
(100002, 1012, 1, 100011, N'NFL Playoffs', N' a single-elimination tournament held after the regular season to determine The NFL champion', 1)
SET IDENTITY_INSERT [dbo].[Tournament] OFF
GO


print "" print "*** Inserting into TournamentRole"
GO
INSERT INTO [dbo].[TournamentRole] ([tournament_role_id], [description]) VALUES 
(1001, N'Athletic Trainer'),
(1002, N'Coach'),
(1003, N'Assistant Coach'),
(1004, N'Physical Education Instructor'),
(1005, N'Medical Assistant'),
(1006, N'Physical Therapy Assistant'),
(1007, N'Referees '),
(1008, N'Sports Information Director'),
(1009, N'Publisher'),
(1010, N'Scout'),
(1011, N'Team President'),
(1012, N'Ticket Operations Manager'),
(1013, N'Scoreboard Operator'),
(1014, N'Equipment Manager'),
(1015, N'Executive Director'),
(1016, N'Facility Manager'),
(1017, N'Medical staff'),
(1018, N'Communications'),
(1019, N'Technology')
GO

print "" print "*** Inserting into LeagueRoleAssignment"
GO
INSERT INTO [dbo].[LeagueRoleAssignment] ([member_id], [league_role_id], [league_id]) VALUES 
(100011, N'1009', 1000),
(100002, N'1001', 1001),
(100003, N'1003', 1002),
(100009, N'1017', 1003)
GO

print "" print "*** Inserting into TournamentRoleAssignment"
GO
INSERT INTO [dbo].[TournamentRoleAssignment] ([member_id], [tournament_role_id], [tournament_id]) VALUES 
(100011, N'1017', 100000),
(100002, N'1019', 100000),
(100003, N'1007', 100002),
(100009, N'1014', 100002)
GO

print "" print "*** Inserting into LeagueTeam"
GO
INSERT INTO [dbo].[LeagueTeam] ([league_id], [team_id]) VALUES 
(1000, 1001),
(1000, 1009),
(1000, 1010),
(1000, 1011),
(1000, 1026),
(1000, 1028),
(1000, 1029),
(1000, 1030),
(1002, 1000),
(1002, 1006),
(1002, 1018),
(1002, 1019),
(1002, 1020),
(1002, 1021),
(1002, 1031),
(1002, 1032)
GO

print "" print "*** Inserting into TournamentTeam"
GO
INSERT INTO [dbo].[TournamentTeam] ([tournament_id], [team_id]) VALUES 
(100000, 1001),
(100000, 1009),
(100000, 1010),
(100000, 1011),
(100000, 1026),
(100000, 1028),
(100000, 1029),
(100000, 1030),
(100002, 1000),
(100002, 1006),
(100002, 1018),
(100002, 1019),
(100002, 1020),
(100002, 1021),
(100002, 1031),
(100002, 1032)
GO

print "" print "*** Inserting into Post"
GO
SET IDENTITY_INSERT [dbo].[Post] ON
INSERT INTO [dbo].[Post] ([post_id], [content], [member_id], [date_and_time]) VALUES 
(1000, N'Let''s Go, Lakers', 100000, N'2023-02-04 00:00:00'),
(1001, N'Are you ready for a new Football Season?', 100003, N'2023-02-16 00:00:00')
SET IDENTITY_INSERT [dbo].[Post] OFF
GO

print "" print "*** Inserting into Practice"
GO
SET IDENTITY_INSERT [dbo].[Practice] ON
INSERT INTO [dbo].[Practice] ([practice_id], [location], [team_id], [date_time], [description], [zip_code], [city]) VALUES 
(1000, N'15 St Ave', 1015, N'2023-03-04 09:10:00', N'Be ready to run.', 52401, 'Cedar Rapids'),
(1006, N'15 St Ave', 1015, N'2023-03-14 08:20:00', N'Weight lighting session',50309, 'Des Moines'),
(1011, N'15 St Ave', 1015, N'2023-05-23 07:45:00', N'Friendly game.',50703,'Waterloo'),
(1023, N'15 St Ave', 1015, N'2023-06-05 08:00:00', N'5 miles walk.',51250,'Sioux Center'),
(1001, N'15 St Ave', 1015, N'2023-05-12 09:00:00', N'Shooting session.',50309, 'Des Moines'),
(1020, N'15 St Ave', 1015, N'2023-03-09 10:30:00', N'Running till you die.',52241,'Coralville'),
(1002, N'15 St Ave', 1015, N'2023-04-03 11:20:00', N'Bring your own food.',52241,'Coralville')
SET IDENTITY_INSERT [dbo].[Practice] OFF
GO

print "" print "*** Inserting into Reply"
GO
SET IDENTITY_INSERT [dbo].[Reply] ON
INSERT INTO [dbo].[Reply] ([reply_id], [content], [member_id], [post_id], [date_and_time]) VALUES 
(1000, N'Lakers sucks!', 100006, 1000, N'2023-02-05 00:00:00'),
(1001, N'I can''t wait to see LeBron James break the record', 100017, 1000, N'2023-02-06 00:00:00'),
(1002, N'Finally!!!', 100013, 1001, N'2023-02-21 00:00:00'),
(1003, N'I''m so exciting', 100014, 1001, N'2023-02-20 00:00:00'),
(1004, N'Go Lakers!', 100010, 1000, N'2023-02-05 00:00:00')
SET IDENTITY_INSERT [dbo].[Reply] OFF
GO

print "" print "*** Inserting into Role"
GO
INSERT INTO [dbo].[Role] ([role_id], [description]) VALUES 
(N'1000', N'Admin'),
(N'1001', N'Score Reporter'),
(N'1002', N'Player'),
(N'1003', N'Coach'),
(N'1004', N'Assistant Coach'),
(N'1005', N'Team Captain'),
(N'1006', N'Logistics'),
(N'1007', N'Moderators'),
(N'1008', N'Volunteers'),
(N'1009', N'Commentator'),
(N'1010', N'Referee'),
(N'1011', N'Tournament Admin'),
(N'1012', N'League Admin'),
(N'1013', N'Treasurer'),
(N'1014', N'Recruiter'),
(N'1015', N'Equipment Manager'),
(N'1016', N'Vendor'),
(N'1017', N'Venue Rep'),
(N'1018', N'Videographer'),
(N'1019', N'Spectator'),
(N'1020', N'Potential Player')
GO

print "" print "*** Inserting into MemberRole"
GO
INSERT INTO [dbo].[MemberRole] ([member_id], [role_id]) VALUES 
(100000, N'1002'),
(100002, N'1002'),
(100003, N'1002'),
(100004, N'1018'),
(100005, N'1006'),
(100006, N'1002'),
(100007, N'1013'),
(100008, N'1002'),
(100009, N'1015'),
(100010, N'1002'),
(100011, N'1000'),
(100013, N'1002'),
(100014, N'1003'),
(100015, N'1007'),
(100016, N'1002'),
(100017, N'1002'),
(100018, N'1005'),
(100019, N'1002')
GO

print "" print "*** Inserting into Season"
GO
SET IDENTITY_INSERT [dbo].[season] ON
INSERT INTO [dbo].[season] ([season_id], [league_id], [description], [sport_id]) VALUES 
(1000, 1000, N'Male Nba Season', 1010),
(1001, 1001, N'Male Soccer Season', 1011),
(1002, 1002, N'Male Football Season', 1012)
SET IDENTITY_INSERT [dbo].[season] OFF
GO

print "" print "*** Inserting into TeamMember"
GO
INSERT INTO [dbo].[TeamMember] ([team_id], [description], [starter], [member_id]) VALUES 
-- Lakers
(1000, N'Small Forward', 1, 100000),
(1000, N'Power Forward', 1, 100020),
(1000, N'Point Guard', 0, 100021),
(1000, N'Shooting Guard', 0, 100022),
(1000, N'Center', 0, 100023),
(1000, N'Center', 1, 100040),


-- Wariors
<<<<<<< HEAD
(1009, N'Small Forward', 1, 100024),
(1009, N'Power Forward', 1, 100025),
(1009, N'Point Guard', 1, 100017),
(1009, N'Shooting Guard', 1, 100026),
(1009, N'Center', 1, 100027),

-- 76ers
(1030, N'Small Forward', 1, 100028),
(1030, N'Power Forward', 1, 100030),
(1030, N'Point Guard', 1, 100031),
(1030, N'Shooting Guard', 1, 100032),
(1030, N'Center', 1, 100033),

-- Suns
(1011, N'Small Forward', 1, 100002),
(1011, N'Power Forward', 1, 100034),
(1011, N'Point Guard', 1, 100035),
(1011, N'Shooting Guard', 1, 100036),
(1011, N'Center', 1, 100037)
=======
(1001, N'Small Forward', 1, 100024),
(1001, N'Power Forward', 1, 100025),
(1001, N'Point Guard', 1, 100017),
(1001, N'Shooting Guard', 1, 100026),
(1001, N'Center', 1, 100027),

-- 76ers
(1002, N'Small Forward', 1, 100028),
(1002, N'Power Forward', 1, 100030),
(1002, N'Point Guard', 1, 100031),
(1002, N'Shooting Guard', 1, 100032),
(1002, N'Center', 1, 100033),

-- Suns
(1003, N'Small Forward', 1, 100002),
(1003, N'Power Forward', 1, 100034),
(1003, N'Point Guard', 1, 100035),
(1003, N'Shooting Guard', 1, 100036),
(1003, N'Center', 1, 100037),

(1004, N'Small Forward', 1, 100011),
(1005, N'Small Forward', 1, 100011),
(1006, N'Small Forward', 1, 100011),
(1007, N'Small Forward', 1, 100011),
(1008, N'Small Forward', 1, 100011),
(1009, N'Small Forward', 1, 100013),
(1010, N'Small Forward', 1, 100011),
(1011, N'Small Forward', 1, 100012),
(1012, N'Small Forward', 1, 100011),
(1013, N'Small Forward', 1, 100014),
(1014, N'Small Forward', 1, 100011),
(1015, N'Small Forward', 1, 100011),
(1016, N'Small Forward', 1, 100011),
(1017, N'Small Forward', 1, 100017),
(1018, N'Small Forward', 1, 100011),
(1019, N'Small Forward', 1, 100011),
(1020, N'Small Forward', 1, 100009),
(1021, N'Small Forward', 1, 100011),
(1025, N'Small Forward', 1, 100011),
(1026, N'Small Forward', 1, 100011),
(1027, N'Small Forward', 1, 100011),
(1028, N'Small Forward', 1, 100011),
(1029, N'Small Forward', 1, 100011),
(1030, N'Small Forward', 1, 100011),
(1031, N'Small Forward', 1, 100011),
(1032, N'Small Forward', 1, 100011)
>>>>>>> origin/main
GO

print "" print "*** Inserting into Dues"
GO
SET IDENTITY_INSERT [dbo].[Dues] ON
INSERT INTO [dbo].[Dues] ([account_id], [amount], [paid], [date_and_time]) VALUES 
(1000, CAST(30.0000 AS Money), 1, N'2023-02-04 00:00:00'),
(1004, CAST(100.0000 AS Money), 1, N'2023-02-15 00:00:00'),
(1005, CAST(84.0000 AS Money), 1, N'2023-02-05 00:00:00'),
(1006, CAST(150.0000 AS Money), 1, N'2023-02-22 00:00:00'),
(1007, CAST(120.0000 AS Money), 1, N'2023-02-07 00:00:00'),
(1008, CAST(87.0000 AS Money), 1, N'2023-02-20 00:00:00')
SET IDENTITY_INSERT [dbo].[Dues] OFF
GO

print "" print "*** Inserting into Game"
GO
SET IDENTITY_INSERT [dbo].[Game] ON
INSERT INTO [dbo].[Game] ([game_id], [score], [venue_id], [date_and_time], [sport_id]) VALUES 
--Basketball
(1000, N'105 vs 120', 1002, N'2023-02-15 12:00:00', 1010),
(1002, N'98 vs 99', 1006, N'2023-02-22 08:30:00', 1010),
(1003, N'117 vs 102', 1006, N'2023-02-15 14:00:00', 1010),
(1004, N'100 vs 87', 1006, N'2023-02-15 13:45:00', 1010),
(1005, N'120 vs 117', 1004, N'2023-02-15 13:45:00', 1010),
(1006, N'93 vs 95', 1017, N'2023-02-15 13:45:00', 1010),
(1007, N'146 vs 139', 1006, N'2023-02-15 13:45:00', 1010),
(1008, N'76 vs 80', 1017, N'2023-02-15 13:45:00', 1010),

-- Football
(1009, N'13 vs 28', 1015, N'2023-02-17 14:00:00', 1012),
(1011, N'21 vs 20', 1004, N'2023-02-23 12:00:00', 1012),
(1012, N'17 vs 20', 1004, N'2023-02-17 10:30:00', 1012),
(1016, N'33 vs 17', 1017, N'2023-02-23 20:00:00', 1012)
SET IDENTITY_INSERT [dbo].[Game] OFF
GO

print "" print "*** Inserting into GamePost"
GO
SET IDENTITY_INSERT [dbo].[GamePost] ON
INSERT INTO [dbo].[GamePost] ([game_post_id], [game_id], [member_id], [content], [date_time]) VALUES 
(1000, 1000, 100011, N'Lakers vs Warriors', N'2023-02-02 08:30:00'),
(1001, 1002, 100011, N'Suns vs Lakers', N'2023-02-12 08:30:00'),
(1002, 1003, 100011, N'Warriors vs 76ers', N'2023-02-15 08:30:00'),
(1003, 1004, 100011, N'Lakers vs 76ers', N'2023-02-07 08:30:00'),
(1004, 1005, 100011, N'76ers vs Warriors', N'2023-02-23 08:30:00'),
(1005, 1006, 100011, N'Suns vs Warriors', N'2023-03-15 08:30:00'),
(1006, 1007, 100011, N'Lakers vs Suns', N'2023-03-03 08:30:00'),
(1007, 1008, 100011, N'76ers vs Suns', N'2023-03-17 08:30:00'),
(1008, 1011, 100011, N'Superbowl coming this sunday', N'2023-02-05 18:00:00')
SET IDENTITY_INSERT [dbo].[GamePost] OFF
GO

print "" print "*** Inserting into seasongame"
GO
INSERT INTO [dbo].[seasongame] ([season_id], [game_id]) VALUES 
(1000, 1005),
(1000, 1006),
(1000, 1007),
(1000, 1008),
(1002, 1012),
(1002, 1016)
GO

print "" print "*** Inserting into TeamEquipmentList"
GO
INSERT INTO [dbo].[TeamEquipmentList] ([equipment_id], [team_id], [quantity]) VALUES 
(1000, 1001, 12),
(1001, 1001, 13),
(1002, 1001, 5),
(1003, 1001, 2),
(1004, 1001, 1),
(1005, 1001, 12),
(1007, 1001, 5),
(1008, 1001, 6),
(1009, 1001, 2),
(1010, 1001, 1),
(1011, 1001, 0),
(1012, 1001, 11),
(1013, 1001, 2),
(1014, 1001, 7),
(1015, 1001, 8),
(1000, 1009, 14),
(1001, 1009, 10),
(1002, 1009, 11),
(1003, 1009, 14),
(1004, 1009, 8),
(1005, 1009, 5),
(1007, 1009, 7),
(1008, 1009, 10),
(1009, 1009, 10),
(1010, 1009, 3),
(1011, 1009, 2),
(1012, 1009, 0),
(1013, 1009, 14),
(1014, 1009, 1),
(1015, 1009, 3),
(1000, 1010, 1),
(1001, 1010, 1),
(1002, 1010, 7),
(1003, 1010, 1),
(1004, 1010, 10),
(1005, 1010, 14),
(1007, 1010, 14),
(1008, 1010, 6),
(1009, 1010, 6),
(1010, 1010, 6),
(1011, 1010, 0),
(1012, 1010, 14),
(1013, 1010, 2),
(1014, 1010, 13),
(1015, 1010, 14)
GO

print "" print "*** Inserting into TeamRoleType"
GO
INSERT INTO [dbo].[TeamRoleType] ([team_role_type_id], [team_role_description]) VALUES 
(N'1001', N'Offensive Player'),
(N'1002', N'Defensive Player'),
(N'1003', N'Point Guard'),
(N'1004', N'Shooting Guard'),
(N'1005', N'Small Forward'),
(N'1006', N'Power Forward'),

(N'1007', N'Center'),
(N'1008', N'Quarterback'),
(N'1009', N'Cornerback'),
(N'1010', N'Wide Receiver'),
(N'1011', N'Punt Returner'),
(N'1012', N'Linebacker'),
(N'1013', N'Running Back'),
(N'1014', N'Tight End')
GO

print "" print "*** Inserting into TeamRole"
GO
INSERT INTO [dbo].[TeamRole] ([member_id], [team_id], [team_role_type_id]) VALUES 
(100000, 1001, 1005),
(100020, 1001, 1006),
(100021, 1001, 1003),
(100022, 1001, 1004),
(100023, 1001, 1007),
(100017, 1009, 1003),
(100024, 1009, 1005),
(100025, 1009, 1006),
(100026, 1009, 1004),
(100027, 1009, 1007),
(100002, 1011, 1005),
(100034, 1011, 1006),
(100035, 1011, 1003),
(100036, 1011, 1004),
(100037, 1011, 1007),
(100028, 1030, 1005),
(100030, 1030, 1006),
(100031, 1030, 1003),
(100032, 1030, 1004),
(100033, 1030, 1007)
GO

print "" print "*** Inserting into VolunteerNeeded"
GO
SET IDENTITY_INSERT [dbo].[VolunteerNeeded] ON
INSERT INTO [dbo].[VolunteerNeeded] ([volunteer_needed_id], [game_id], [description], [quantity]) VALUES 
(1000, 1000, N'Security-Make sure that people are not crowding in the doorways or standing on the sidelines', 10),
(1002, 1000, N'Facilities - Check the paper towel and soap dispensers in the bathrooms and replace as needed', 6),
(1003, 1000, N'Concessions - Work at one of the stations in the cafeteria preparing food or working at the cashier station', 12),
(1005, 1000, N'Tickets - Collect money as people enter. Prices will be posted at the tables', 3),
(1006, 1004, N'Security-Make sure that people are not crowding in the doorways or standing on the sidelines', 5),
(1007, 1004, N'Facilities - Check the paper towel and soap dispensers in the bathrooms and replace as needed', 3),
(1008, 1004, N'Concessions - Work at one of the stations in the cafeteria preparing food or working at the cashier station', 6),
(1009, 1004, N'Tickets - Collect money as people enter. Prices will be posted at the tables', 2),
(1010, 1011, N'Security-Make sure that people are not crowding in the doorways or standing on the sidelines', 7),
(1011, 1011, N'Facilities - Check the paper towel and soap dispensers in the bathrooms and replace as needed', 16),
(1012, 1011, N'Concessions - Work at one of the stations in the cafeteria preparing food or working at the cashier station', 12),
(1013, 1011, N'Tickets - Collect money as people enter. Prices will be posted at the tables', 5),
(1014, 1016, N'Security-Make sure that people are not crowding in the doorways or standing on the sidelines', 13),
(1015, 1016, N'Facilities - Check the paper towel and soap dispensers in the bathrooms and replace as needed', 12),
(1016, 1016, N'Concessions - Work at one of the stations in the cafeteria preparing food or working at the cashier station', 20),
(1017, 1016, N'Tickets - Collect money as people enter. Prices will be posted at the tables', 8)
SET IDENTITY_INSERT [dbo].[VolunteerNeeded] OFF
GO

print "" print "*** Inserting into VolunteerSignUp"
GO
INSERT INTO [dbo].[VolunteerSignUp] ([volunteer_needed_id], [member_id]) VALUES 
(1003, 100006),
(1005, 100007),
(1006, 100008),
(1011, 100009),
(1015, 100010),
(1015, 100007),
(1012, 100009),
(1015, 100006),
(1013, 100010),
(1009, 100006)
GO

print "" print "*** Inserting into LeagueDues"
GO
INSERT INTO [dbo].[LeagueDues] ([league_id], [account_id]) VALUES 
(1000, 1005),
(1000, 1004)
GO


print "" print "*** Inserting into TournamentDues"
GO
INSERT INTO [dbo].[TournamentDues] ([tournament_id], [account_id], [due_amount]) VALUES 
(100000, 1007, CAST(120.0000 AS Money)),
(100002, 1006, CAST(150.0000 AS Money))
GO

print "" print "*** Inserting into TournamentGame"
GO
INSERT INTO [dbo].[TournamentGame] ([tournament_id], [game_id]) VALUES 
(100000, 1000),
(100000, 1002),
(100000, 1003),
(100000, 1004),
(100002, 1009),
(100002, 1011)
GO

print "" print "*** Inserting into GameRoster"
GO
SET IDENTITY_INSERT [dbo].[GameRoster] ON
INSERT INTO [dbo].[GameRoster] ([game_roster_id], [team_id], [member_id], [description], [game_id]) VALUES 
-- Lakers 
-- Game 1
(1000, 1001, 100000, 'Small Forward', 1000),
(1001, 1001, 100020, 'Power Forward', 1000),
(1002, 1001, 100021, 'Point Guard', 1000),
(1003, 1001, 100022, 'Shooting Guard', 1000),
(1004, 1001, 100023, 'Center', 1000),
-- Game 2 
(1005, 1001, 100000, 'Power Forward', 1004),
(1006, 1001, 100020, 'Small Forward', 1004),
(1007, 1001, 100021, 'Shooting Guard', 1004),
(1008, 1001, 100022, 'Point Guard', 1004),
(1009, 1001, 100023, 'Center', 1004),
-- Game 3
(1010, 1001, 100000, 'Small Forward', 1007),
(1011, 1001, 100020, 'Power Forward', 1007),
(1012, 1001, 100021, 'Point Guard', 1007),
(1013, 1001, 100022, 'Shooting Guard', 1007),
(1014, 1001, 100023, 'Center', 1007),
-- Game 4
(1015, 1001, 100000, 'Small Forward', 1002),
(1016, 1001, 100020, 'Power Forward', 1002),
(1017, 1001, 100021, 'Point Guard', 1002),
(1018, 1001, 100022, 'Shooting Guard', 1002),
(1019, 1001, 100023, 'Center', 1002),

-- Wariors
-- Game 1
(1020, 1009, 100024, 'Small Forward', 1000),
(1021, 1009, 100025, 'Power Forward', 1000),
(1022, 1009, 100017, 'Point Guard', 1000),
(1023, 1009, 100026, 'Shooting Guard', 1000),
(1024, 1009, 100027,  'Center', 1000),
-- Game 2
(1025, 1009, 100024, 'Small Forward', 1005),
(1026, 1009, 100025, 'Power Forward', 1005),
(1027, 1009, 100017, 'Point Guard', 1005),
(1028, 1009, 100026, 'Shooting Guard', 1005),
(1029, 1009, 100027,  'Center', 1005),
-- Game 3
(1030, 1009, 100024, 'Small Forward', 1006),
(1031, 1009, 100025, 'Center', 1006),
(1032, 1009, 100017, 'Point Guard', 1006),
(1033, 1009, 100026, 'Shooting Guard', 1006),
(1034, 1009, 100027,  'Power Forward', 1006),
-- Game 4
(1035, 1009, 100024, 'Small Forward', 1003),
(1036, 1009, 100025, 'Center', 1003),
(1037, 1009, 100017, 'Point Guard', 1003),
(1038, 1009, 100026, 'Shooting Guard', 1003),
(1039, 1009, 100027,  'Power Forward', 1003),

-- 76ers
-- Game 1
(1040, 1030, 100028, 'Small Forward', 1005),
(1041, 1030, 100030, 'Power Forward', 1005),
(1042, 1030, 100031, 'Point Guard', 1005),
(1043, 1030, 100032, 'Shooting Guard', 1005),
(1044, 1030, 100033, 'Center', 1005),
-- Game 2
(1045, 1030, 100028, 'Small Forward', 1004),
(1046, 1030, 100030, 'Center', 1004),
(1047, 1030, 100031, 'Shooting Guard', 1004),
(1048, 1030, 100032, 'Point Guard', 1004),
(1049, 1030, 100033, 'Power Forward', 1004),
-- Game 3
(1050, 1030, 100028, 'Small Forward', 1008),
(1051, 1030, 100030, 'Center', 1008),
(1052, 1030, 100031, 'Shooting Guard', 1008),
(1053, 1030, 100032, 'Point Guard', 1008),
(1054, 1030, 100033, 'Power Forward', 1008),
-- Game 4
(1055, 1030, 100028, 'Small Forward', 1003),
(1056, 1030, 100030, 'Center', 1003),
(1057, 1030, 100031, 'Shooting Guard', 1003),
(1058, 1030, 100032, 'Point Guard', 1003),
(1059, 1030, 100033, 'Power Forward', 1003),

-- Suns
-- Game 1
(1060, 1011, 100002,'Small Forward', 1007),
(1061, 1011, 100034,'Power Forward', 1007),
(1062, 1011, 100035,'Point Guard', 1007),
(1063, 1011, 100036,'Shooting Guard', 1007),
(1064, 1011, 100037,'Center', 1007),
-- Game 2
(1065, 1011, 100002,'Small Forward', 1006),
(1066, 1011, 100034,'Power Forward', 1006),
(1067, 1011, 100035,'Point Guard', 1006),
(1068, 1011, 100036,'Shooting Guard', 1006),
(1069, 1011, 100037,'Center', 1006),
-- Game 3
(1070, 1011, 100002,'Small Forward', 1008),
(1071, 1011, 100034,'Power Forward', 1008),
(1072, 1011, 100035,'Point Guard', 1008),
(1073, 1011, 100036,'Shooting Guard', 1008),
(1074, 1011, 100037,'Center', 1008),
-- Game 4
(1075, 1011, 100002,'Small Forward', 1002),
(1076, 1011, 100034,'Power Forward', 1002),
(1077, 1011, 100035,'Point Guard', 1002),
(1078, 1011, 100036,'Shooting Guard', 1002),
(1079, 1011, 100037,'Center', 1002)

SET IDENTITY_INSERT [dbo].[GameRoster] OFF
GO


print "" print "*** Inserting into TeamGame"
GO
INSERT INTO [dbo].[TeamGame] ([team_id], [win], [game_id], [game_roster_id]) VALUES 
(1001, 1, 1000, 1000),
(1009, 0, 1000, 1020),
(1011, 0, 1002, 1075),
(1001, 1, 1002, 1025),
(1009, 1, 1003, 1035),
(1030, 0, 1003, 1075),
(1001, 1, 1004, 1005),
(1030, 0, 1004, 1045),
(1009, 1, 1005, 1040),
(1030, 0, 1005, 1025),
(1011, 1, 1006, 1065),
(1009, 0, 1006, 1030),
(1001, 1, 1007, 1010),
(1011, 0, 1007, 1060),
(1030, 1, 1008, 1070),
(1011, 0, 1008, 1050)
GO

print "" print "*** Inserting into Message"
GO
SET IDENTITY_INSERT [dbo].[Message] ON
INSERT INTO [dbo].[Message] ([message_id], [user_id_sender], [user_id_reciever], [date_and_time], [important], [message]) VALUES 
(1000, 100000, 100040, N'2023-02-20 20:39:27', 0, N'Hello!'),
(1001, 100000, 100040, N'2023-02-20 20:42:51', 0, N'I had a question for you'),
(1002, 100040, 100000, N'2023-02-20 20:43:39', 0, N'Sup Lebron. Please, go ahead ask your question.'),
(1003, 100000, 100040, N'2023-02-20 20:44:26', 0, N'Can I burrow $1000 from you?'),
(1004, 100040, 100000, N'2023-02-20 20:44:41', 0, N'Sorry, I''m broke!!!'),
(1005, 100010, 100000, N'2023-02-20 20:45:25', 0, N'Hey Lebron'),
(1006, 100010, 100000, N'2023-02-20 20:45:41', 0, N'I heard you''re looking for $1000?'),
(1007, 100000, 100010, N'2023-02-20 20:46:03', 0, N'Of course. Do you have it?'),
(1008, 100010, 100000, N'2023-02-20 20:46:27', 0, N'Nah! I''m broke too lol'),
(1009, 100020, 100000, N'2023-02-20 20:47:13', 0, N'Hey Lebron, I know someone who can give you the money you''re looking for!'),
(1010, 100000, 100020, N'2023-02-20 20:47:31', 0, N'You??'),
(1011, 100020, 100000, N'2023-02-20 20:47:50', 0, N'lol I was just kidding'),
(1012, 100020, 100000, N'2023-02-20 20:48:04', 0, N'I don''t have money to give you.'),
(1013, 100000, 100020, N'2023-02-20 20:48:20', 0, N'SMH'),
(1014, 100030, 100000, N'2023-02-20 20:49:07', 0, N'Hey Bron, I don''t have $1000 right now, but I do have $20 lol'),
(1015, 100000, 100030, N'2023-02-20 20:49:07', 0, N'Just leave me alone, please!!!')
SET IDENTITY_INSERT [dbo].[Message] OFF
